count1,count1percentage,count2,count2percentage,count3,count3percentage,count4,count4percentage,count5,count5percentage
2146,14.852238909267077,4925,34.085403834175374,2760,19.101667935497264,1469,10.166793549726625,3149,21.793895771333656
