countselling,countrenting,sellingpercentage,rentingpercentage,ratio,city
12324,2981,80.52270499836655,19.477295001633454,0.24188575137942225,Beograd
1320,323,80.34083992696287,19.65916007303713,0.2446969696969697,Novi Sad
799,6,99.25465838509317,0.7453416149068323,0.007509386733416771,Kragujevac
529,33,94.12811387900356,5.871886120996441,0.062381852551984876,Niš
373,0,100.0,0.0,0.0,Jagodina
